"CV Name","Method","Success","Processing Time (ms)","Time Per Publication (ms)","Total Publications","Verified Publications","Verified With Author Match","Link Provision Rate","Citation Count Availability","Metadata Richness","Input Tokens","Output Tokens","Total Tokens","API Calls","Error"
"1-page-PG","Traditional","true","1738.78","","","","","0.000","0.000","0.000","","","","",""
"1-page-PG","Gemini AI","true","1698.79","1698.79","1","","","1.000","0.000","0.400","350","150","500","1",""
"1-page-PG","Claude AI","true","4599.83","4599.83","1","","","1.000","0.000","0.400","350","150","500","1",""
"1-page-PG","ChatGPT AI","true","3469.12","3469.12","1","","","1.000","0.000","0.400","350","150","500","1",""
"1-page-PG","Grok AI","true","16581.12","16581.12","1","","","1.000","0.000","0.400","350","150","500","1",""
"1-page-UG","Traditional","true","1572.96","","","","","0.000","0.000","0.000","","","","",""
"1-page-UG","Gemini AI","true","1891.58","1891.58","1","","","1.000","0.000","0.400","350","150","500","1",""
"1-page-UG","Claude AI","true","5372.62","5372.62","1","","","1.000","0.000","0.400","350","150","500","1",""
"1-page-UG","ChatGPT AI","true","3347.16","3347.16","1","","","1.000","0.000","0.400","350","150","500","1",""
"1-page-UG","Grok AI","true","14968.92","14968.92","1","","","1.000","0.000","0.400","350","150","500","1",""
"2-page-PG","Traditional","true","1280.43","","","","","0.000","0.000","0.000","","","","",""
"2-page-PG","Gemini AI","true","1479.46","","","","","0.000","0.000","0.000","","","","",""
"2-page-PG","Claude AI","true","4370.37","","","","","0.000","0.000","0.000","","","","",""
"2-page-PG","ChatGPT AI","true","4841.19","1613.73","3","","","1.000","0.000","0.400","1050","450","1500","1",""
"2-page-PG","Grok AI","true","13217.31","6608.65","2","","","1.000","0.000","0.400","700","300","1000","1",""
"2-page-UG","Traditional","true","1678.06","","","","","0.000","0.000","0.000","","","","",""
"2-page-UG","Gemini AI","true","1677.28","","","","","0.000","0.000","0.000","","","","",""
"2-page-UG","Claude AI","true","3256.09","","","","","0.000","0.000","0.000","","","","",""
"2-page-UG","ChatGPT AI","true","2201.53","","","","","0.000","0.000","0.000","","","","",""
"2-page-UG","Grok AI","true","11896.54","","","","","0.000","0.000","0.000","","","","",""
"2232","Traditional","true","3370.78","3370.78","1","1","1","1.000","0.000","0.400","180","120","300","2",""
"2232","Gemini AI","true","4190.41","1047.60","4","1","1","1.000","0.000","0.400","1400","600","2000","1",""
"2232","Claude AI","true","10407.92","2601.98","4","","","1.000","0.000","0.400","1400","600","2000","1",""
"2232","ChatGPT AI","true","4167.39","4167.39","1","1","","1.000","0.000","0.400","350","150","500","1",""
"2232","Grok AI","true","19773.96","4943.49","4","","","1.000","0.000","0.400","1400","600","2000","1",""
"academics-rmit-edu-au-ahmad-abareshi-publications...","Traditional","true","34803.10","1450.13","24","21","21","1.000","0.000","0.400","4320","2880","7200","48",""
"academics-rmit-edu-au-ahmad-abareshi-publications...","Gemini AI","true","19198.58","799.94","24","24","24","1.000","0.000","0.400","8400","3600","12000","5",""
"academics-rmit-edu-au-ahmad-abareshi-publications...","Claude AI","true","62889.37","2620.39","24","24","24","1.000","0.000","0.400","8400","3600","12000","5",""
"academics-rmit-edu-au-ahmad-abareshi-publications...","ChatGPT AI","true","121176.62","5049.03","24","22","22","1.000","0.000","0.400","8400","3600","12000","5",""
"academics-rmit-edu-au-ahmad-abareshi-publications...","Grok AI","true","45449.13","1893.71","24","24","24","1.000","0.000","0.400","8400","3600","12000","5",""
"academics-rmit-edu-au-aleksandra-acker-publications...","Traditional","true","33637.40","1345.50","25","18","17","1.000","0.000","0.400","4500","3000","7500","50",""
"academics-rmit-edu-au-aleksandra-acker-publications...","Gemini AI","true","15955.13","638.21","25","22","22","1.000","0.000","0.400","8750","3750","12500","5",""
"academics-rmit-edu-au-aleksandra-acker-publications...","Claude AI","true","51973.50","2078.94","25","21","21","1.000","0.000","0.400","8750","3750","12500","5",""
"academics-rmit-edu-au-aleksandra-acker-publications...","ChatGPT AI","true","36571.86","1462.87","25","20","20","1.000","0.000","0.400","8750","3750","12500","5",""
"academics-rmit-edu-au-aleksandra-acker-publications...","Grok AI","true","33106.47","1324.26","25","22","22","1.000","0.000","0.400","8750","3750","12500","5",""
"academics-rmit-edu-au-amanda-abraham-publications... (1)","Traditional","true","36715.42","1468.62","25","25","25","1.000","0.000","0.400","4500","3000","7500","50",""
"academics-rmit-edu-au-amanda-abraham-publications... (1)","Gemini AI","true","17526.18","701.05","25","25","24","1.000","0.000","0.400","8750","3750","12500","5",""
"academics-rmit-edu-au-amanda-abraham-publications... (1)","Claude AI","true","142653.32","5706.13","25","23","22","1.000","0.000","0.400","8750","3750","12500","5",""
"academics-rmit-edu-au-amanda-abraham-publications... (1)","ChatGPT AI","true","189009.26","7560.37","25","21","17","1.000","0.000","0.400","8750","3750","12500","5",""
"academics-rmit-edu-au-amanda-abraham-publications... (1)","Grok AI","true","53913.61","2156.54","25","23","18","1.000","0.000","0.400","8750","3750","12500","5",""
"academics-rmit-edu-au-amanda-abraham-publications... (2)","Traditional","true","32804.86","1312.19","25","25","24","1.000","0.000","0.400","4500","3000","7500","50",""
"academics-rmit-edu-au-amanda-abraham-publications... (2)","Gemini AI","true","18529.85","741.19","25","25","24","1.000","0.000","0.400","8750","3750","12500","5",""
"academics-rmit-edu-au-amanda-abraham-publications... (2)","Claude AI","true","62717.76","2508.71","25","23","22","1.000","0.000","0.400","8750","3750","12500","5",""
"academics-rmit-edu-au-amanda-abraham-publications... (2)","ChatGPT AI","true","72291.68","2891.67","25","21","21","1.000","0.000","0.400","8750","3750","12500","5",""
"academics-rmit-edu-au-amanda-abraham-publications... (2)","Grok AI","true","46295.09","1851.80","25","25","19","1.000","0.000","0.400","8750","3750","12500","5",""
"academics-rmit-edu-au-amanda-abraham-publications...","Traditional","true","32800.54","1312.02","25","25","25","1.000","0.000","0.400","4500","3000","7500","50",""
"academics-rmit-edu-au-amanda-abraham-publications...","Gemini AI","true","19192.32","767.69","25","25","24","1.000","0.000","0.400","8750","3750","12500","5",""
"academics-rmit-edu-au-amanda-abraham-publications...","Claude AI","true","71915.18","2876.61","25","23","22","1.000","0.000","0.400","8750","3750","12500","5",""
"academics-rmit-edu-au-amanda-abraham-publications...","ChatGPT AI","true","127024.15","5080.97","25","22","17","1.000","0.000","0.400","8750","3750","12500","5",""
"academics-rmit-edu-au-amanda-abraham-publications...","Grok AI","true","67891.29","2715.65","25","25","19","1.000","0.000","0.400","8750","3750","12500","5",""
"academics-rmit-edu-au-babak-abbasi-publications","Traditional","true","9998.54","","","","","0.000","0.000","0.000","","","","",""
"academics-rmit-edu-au-babak-abbasi-publications","Gemini AI","true","20311.29","812.45","25","25","18","1.000","0.000","0.400","8750","3750","12500","5",""
"academics-rmit-edu-au-babak-abbasi-publications","Claude AI","true","64871.90","2594.88","25","25","24","1.000","0.000","0.400","8750","3750","12500","5",""
"academics-rmit-edu-au-babak-abbasi-publications","ChatGPT AI","true","143445.53","5737.82","25","22","16","1.000","0.000","0.400","8750","3750","12500","5",""
"academics-rmit-edu-au-babak-abbasi-publications","Grok AI","true","53355.20","2134.21","25","25","18","1.000","0.000","0.400","8750","3750","12500","5",""
"academics-rmit-edu-au-behzad-abbasnejad-publications...","Traditional","true","33355.66","1516.17","22","20","20","1.000","0.000","0.400","3960","2640","6600","44",""
"academics-rmit-edu-au-behzad-abbasnejad-publications...","Gemini AI","true","17778.39","846.59","21","21","20","1.000","0.000","0.400","7349.999999999999","3150","10500","5",""
"academics-rmit-edu-au-behzad-abbasnejad-publications...","Claude AI","true","89891.92","4280.57","21","17","17","1.000","0.000","0.400","7349.999999999999","3150","10500","5",""
"academics-rmit-edu-au-behzad-abbasnejad-publications...","ChatGPT AI","true","45951.43","2188.16","21","17","17","1.000","0.000","0.400","7349.999999999999","3150","10500","5",""
"academics-rmit-edu-au-behzad-abbasnejad-publications...","Grok AI","true","49871.19","2374.82","21","21","18","1.000","0.000","0.400","7349.999999999999","3150","10500","5",""
"academics-rmit-edu-au-golnoush-abaei-publications...","Traditional","true","34299.70","1429.15","24","24","22","1.000","0.000","0.400","4320","2880","7200","48",""
"academics-rmit-edu-au-golnoush-abaei-publications...","Gemini AI","true","17189.76","747.38","23","23","21","1.000","0.000","0.400","8049.999999999999","3450","11500","5",""
"academics-rmit-edu-au-golnoush-abaei-publications...","Claude AI","true","73320.46","3187.85","23","22","22","1.000","0.000","0.400","8049.999999999999","3450","11500","5",""
"academics-rmit-edu-au-golnoush-abaei-publications...","ChatGPT AI","true","51161.74","2224.42","23","22","21","1.000","0.000","0.400","8049.999999999999","3450","11500","5",""
"academics-rmit-edu-au-golnoush-abaei-publications...","Grok AI","true","45361.30","1972.23","23","23","21","1.000","0.000","0.400","8049.999999999999","3450","11500","5",""
"academics-rmit-edu-au-kathleen-adams-publications... (1)","Traditional","true","17172.06","1431.01","12","4","","1.000","0.000","0.400","2160","1440","3600","24",""
"academics-rmit-edu-au-kathleen-adams-publications... (1)","Gemini AI","true","9618.17","801.51","12","12","11","1.000","0.000","0.400","4200","1800","6000","3",""
"academics-rmit-edu-au-kathleen-adams-publications... (1)","Claude AI","true","27469.00","2289.08","12","12","","1.000","0.000","0.400","4200","1800","6000","3",""
"academics-rmit-edu-au-kathleen-adams-publications... (1)","ChatGPT AI","true","86147.78","7178.98","12","10","10","1.000","0.000","0.400","4200","1800","6000","3",""
"academics-rmit-edu-au-kathleen-adams-publications... (1)","Grok AI","true","50072.01","4172.67","12","12","","1.000","0.000","0.400","4200","1800","6000","3",""
"academics-rmit-edu-au-kathleen-adams-publications...","Traditional","true","14883.97","1240.33","12","8","","1.000","0.000","0.400","2160","1440","3600","24",""
"academics-rmit-edu-au-kathleen-adams-publications...","Gemini AI","true","9367.12","780.59","12","12","11","1.000","0.000","0.400","4200","1800","6000","3",""
"academics-rmit-edu-au-kathleen-adams-publications...","Claude AI","true","45215.08","3767.92","12","12","","1.000","0.000","0.400","4200","1800","6000","3",""
"academics-rmit-edu-au-kathleen-adams-publications...","ChatGPT AI","true","24064.57","2005.38","12","3","2","1.000","0.000","0.400","4200","1800","6000","3",""
"academics-rmit-edu-au-kathleen-adams-publications...","Grok AI","true","36259.87","3021.66","12","12","11","1.000","0.000","0.400","4200","1800","6000","3",""
"academics-rmit-edu-au-lisanne-adam-publications... (1)","Traditional","true","11979.31","1996.55","6","4","4","1.000","0.000","0.400","1080","720","1800","12",""
"academics-rmit-edu-au-lisanne-adam-publications... (1)","Gemini AI","true","4061.60","676.93","6","","","1.000","0.000","0.400","2100","900","3000","2",""
"academics-rmit-edu-au-lisanne-adam-publications... (1)","Claude AI","true","17377.32","2896.22","6","5","5","1.000","0.000","0.400","2100","900","3000","2",""
"academics-rmit-edu-au-lisanne-adam-publications... (1)","ChatGPT AI","true","13179.05","2196.51","6","4","4","1.000","0.000","0.400","2100","900","3000","2",""
"academics-rmit-edu-au-lisanne-adam-publications... (1)","Grok AI","true","17408.65","2901.44","6","5","5","1.000","0.000","0.400","2100","900","3000","2",""
"academics-rmit-edu-au-lisanne-adam-publications...","Traditional","true","14570.26","2428.38","6","6","6","1.000","0.000","0.400","1080","720","1800","12",""
"academics-rmit-edu-au-lisanne-adam-publications...","Gemini AI","true","4909.99","818.33","6","","","1.000","0.000","0.400","2100","900","3000","2",""
"academics-rmit-edu-au-lisanne-adam-publications...","Claude AI","true","47291.34","7881.89","6","5","5","1.000","0.000","0.400","2100","900","3000","2",""
"academics-rmit-edu-au-lisanne-adam-publications...","ChatGPT AI","true","11726.17","1954.36","6","5","5","1.000","0.000","0.400","2100","900","3000","2",""
"academics-rmit-edu-au-lisanne-adam-publications...","Grok AI","true","17411.12","2901.85","6","5","5","1.000","0.000","0.400","2100","900","3000","2",""
"academics-rmit-edu-au-luise-adams-publications...","Traditional","true","6320.65","2106.88","3","1","1","1.000","0.000","0.400","540","360","900","6",""
"academics-rmit-edu-au-luise-adams-publications...","Gemini AI","true","4510.90","1503.63","3","3","3","1.000","0.000","0.400","1050","450","1500","1",""
"academics-rmit-edu-au-luise-adams-publications...","Claude AI","true","21287.91","7095.97","3","3","3","1.000","0.000","0.400","1050","450","1500","1",""
"academics-rmit-edu-au-luise-adams-publications...","ChatGPT AI","true","7186.38","2395.46","3","2","2","1.000","0.000","0.400","1050","450","1500","1",""
"academics-rmit-edu-au-luise-adams-publications...","Grok AI","true","13224.78","4408.26","3","3","3","1.000","0.000","0.400","1050","450","1500","1",""
"academics-rmit-edu-au-mali-abdollahian-publications...","Traditional","true","36081.84","1443.27","25","23","23","1.000","0.000","0.400","4500","3000","7500","50",""
"academics-rmit-edu-au-mali-abdollahian-publications...","Gemini AI","true","15485.92","619.44","25","4","1","1.000","0.000","0.400","8750","3750","12500","5",""
"academics-rmit-edu-au-mali-abdollahian-publications...","Claude AI","true","70481.04","2819.24","25","10","7","1.000","0.000","0.400","8750","3750","12500","5",""
"academics-rmit-edu-au-mali-abdollahian-publications...","ChatGPT AI","true","53192.91","2127.72","25","15","4","1.000","0.000","0.400","8750","3750","12500","5",""
"academics-rmit-edu-au-mali-abdollahian-publications...","Grok AI","true","51233.48","2049.34","25","20","9","1.000","0.000","0.400","8750","3750","12500","5",""
"academics-rmit-edu-au-muhammad-abdulrahman-publications...","Traditional","true","37611.48","1504.46","25","22","21","1.000","0.000","0.400","4500","3000","7500","50",""
"academics-rmit-edu-au-muhammad-abdulrahman-publications...","Gemini AI","true","16773.54","729.28","23","19","16","1.000","0.000","0.400","8049.999999999999","3450","11500","5",""
"academics-rmit-edu-au-muhammad-abdulrahman-publications...","Claude AI","true","111057.00","4442.28","25","25","25","1.000","0.000","0.400","8750","3750","12500","5",""
"academics-rmit-edu-au-muhammad-abdulrahman-publications...","ChatGPT AI","true","136078.44","5443.14","25","24","24","1.000","0.000","0.400","8750","3750","12500","5",""
"academics-rmit-edu-au-muhammad-abdulrahman-publications...","Grok AI","true","37107.32","1613.36","23","23","19","1.000","0.000","0.400","8049.999999999999","3450","11500","5",""
"academics-rmit-edu-au-robab-abdolkhani-publications...","Traditional","true","21359.20","2373.24","9","8","8","1.000","0.000","0.400","1620","1080","2700","18",""
"academics-rmit-edu-au-robab-abdolkhani-publications...","Gemini AI","true","8122.26","902.47","9","9","7","1.000","0.000","0.400","3150","1350","4500","2",""
"academics-rmit-edu-au-robab-abdolkhani-publications...","Claude AI","true","75320.69","8368.97","9","9","9","1.000","0.000","0.400","3150","1350","4500","2",""
"academics-rmit-edu-au-robab-abdolkhani-publications...","ChatGPT AI","true","20540.43","2282.27","9","9","7","1.000","0.000","0.400","3150","1350","4500","2",""
"academics-rmit-edu-au-robab-abdolkhani-publications...","Grok AI","true","21332.91","2370.32","9","9","9","1.000","0.000","0.400","3150","1350","4500","2",""
"academics-rmit-edu-au-sol-abdulhak-publications...","Traditional","true","4772.03","2386.01","2","1","","1.000","0.000","0.400","360","240","600","4",""
"academics-rmit-edu-au-sol-abdulhak-publications...","Gemini AI","true","3738.93","1869.46","2","2","2","1.000","0.000","0.400","700","300","1000","1",""
"academics-rmit-edu-au-sol-abdulhak-publications...","Claude AI","true","10294.37","5147.18","2","2","2","1.000","0.000","0.400","700","300","1000","1",""
"academics-rmit-edu-au-sol-abdulhak-publications...","ChatGPT AI","true","5790.33","2895.16","2","2","2","1.000","0.000","0.400","700","300","1000","1",""
"academics-rmit-edu-au-sol-abdulhak-publications...","Grok AI","true","27979.51","13989.76","2","2","2","1.000","0.000","0.400","700","300","1000","1",""
"academics-rmit-edu-au-sylvester-abanteriba-publications","Traditional","true","14861.38","4953.79","3","3","","1.000","0.000","0.400","540","360","900","6",""
"academics-rmit-edu-au-sylvester-abanteriba-publications","Gemini AI","true","19331.84","773.27","25","25","19","1.000","0.000","0.400","8750","3750","12500","5",""
"academics-rmit-edu-au-sylvester-abanteriba-publications","Claude AI","true","79085.99","3163.44","25","24","24","1.000","0.000","0.400","8750","3750","12500","5",""
"academics-rmit-edu-au-sylvester-abanteriba-publications","ChatGPT AI","true","116424.57","4656.98","25","24","22","1.000","0.000","0.400","8750","3750","12500","5",""
"academics-rmit-edu-au-sylvester-abanteriba-publications","Grok AI","true","57409.46","2296.38","25","23","18","1.000","0.000","0.400","8750","3750","12500","5",""
"academics-rmit-edu-au-tor-helge-aas-publications...","Traditional","true","5416.16","2708.08","2","2","2","1.000","0.000","0.400","360","240","600","4",""
"academics-rmit-edu-au-tor-helge-aas-publications...","Gemini AI","true","4391.70","2195.85","2","2","2","1.000","0.000","0.400","700","300","1000","1",""
"academics-rmit-edu-au-tor-helge-aas-publications...","Claude AI","true","11682.97","5841.49","2","2","2","1.000","0.000","0.400","700","300","1000","1",""
"academics-rmit-edu-au-tor-helge-aas-publications...","ChatGPT AI","true","6413.84","3206.92","2","2","2","1.000","0.000","0.400","700","300","1000","1",""
"academics-rmit-edu-au-tor-helge-aas-publications...","Grok AI","true","11380.65","5690.32","2","2","2","1.000","0.000","0.400","700","300","1000","1",""
"academics-rmit-edu-au-trevor-abbott-publications","Traditional","true","10778.58","","","","","0.000","0.000","0.000","","","","",""
"academics-rmit-edu-au-trevor-abbott-publications","Gemini AI","true","18336.22","733.45","25","25","17","1.000","0.000","0.400","8750","3750","12500","5",""
"academics-rmit-edu-au-trevor-abbott-publications","Claude AI","true","120942.72","4837.71","25","25","25","1.000","0.000","0.400","8750","3750","12500","5",""
"academics-rmit-edu-au-trevor-abbott-publications","ChatGPT AI","true","178642.01","7145.68","25","25","19","1.000","0.000","0.400","8750","3750","12500","5",""
"academics-rmit-edu-au-trevor-abbott-publications","Grok AI","true","54118.58","2164.74","25","25","17","1.000","0.000","0.400","8750","3750","12500","5",""
"academic_cv_example_template_iconic","Traditional","true","6188.69","","","","","0.000","0.000","0.000","","","","",""
"academic_cv_example_template_iconic","Gemini AI","true","5091.52","1018.30","5","","","1.000","0.000","0.400","1750","750","2500","1",""
"academic_cv_example_template_iconic","Claude AI","true","9385.56","3128.52","3","","","1.000","0.000","0.400","1050","450","1500","1",""
"academic_cv_example_template_iconic","ChatGPT AI","true","8436.47","2109.12","4","","","1.000","0.000","0.400","1400","600","2000","1",""
"academic_cv_example_template_iconic","Grok AI","true","12684.64","","","","","0.000","0.000","0.000","","","","",""
"ADV_Sample_CV_MaryAskov_TenureTrack","Traditional","true","17928.79","1494.07","12","2","","1.000","0.000","0.400","2160","1440","3600","24",""
"ADV_Sample_CV_MaryAskov_TenureTrack","Gemini AI","true","21602.05","1350.13","16","7","7","1.000","0.000","0.400","5600","2400","8000","4",""
"ADV_Sample_CV_MaryAskov_TenureTrack","Claude AI","true","53687.56","4473.96","12","","","1.000","0.000","0.400","4200","1800","6000","3",""
"ADV_Sample_CV_MaryAskov_TenureTrack","ChatGPT AI","true","34822.41","2901.87","12","","","1.000","0.000","0.400","4200","1800","6000","3",""
"ADV_Sample_CV_MaryAskov_TenureTrack","Grok AI","true","32001.04","2000.07","16","6","6","1.000","0.000","0.400","5600","2400","8000","4",""
"amitabhchandra","Traditional","true","118501.07","1377.92","86","42","35","1.000","0.000","0.400","15480","10320","25800","172",""
"amitabhchandra","Gemini AI","true","73948.41","506.50","146","131","131","1.000","0.000","0.400","51100","21900","73000","30",""
"amitabhchandra","Claude AI","false","300006.59","","","","","","","","","","","","Timeout"
"amitabhchandra","ChatGPT AI","false","300003.18","","","","","","","","","","","","Timeout"
"amitabhchandra","Grok AI","true","174381.69","1417.74","123","121","118","1.000","0.000","0.400","43050","18450","61500","25",""
"arnoldhowitt","Traditional","true","95236.35","1442.98","66","8","6","1.000","0.000","0.400","11880","7920","19800","132",""
"arnoldhowitt","Gemini AI","true","104761.32","392.36","267","83","83","1.000","0.000","0.400","93450","40050","133500","54",""
"arnoldhowitt","Claude AI","false","300002.10","","","","","","","","","","","","Timeout"
"arnoldhowitt","ChatGPT AI","false","300013.24","","","","","","","","","","","","Timeout"
"arnoldhowitt","Grok AI","true","175064.07","1316.27","133","77","77","1.000","0.000","0.400","46550","19950","66500","27",""
"arthurbrooks","Traditional","true","17519.21","","","","","0.000","0.000","0.000","","","","",""
"arthurbrooks","Gemini AI","true","33587.57","","","","","0.000","0.000","0.000","","","","",""
"arthurbrooks","Claude AI","true","73994.70","3523.56","21","20","20","1.000","0.000","0.400","7349.999999999999","3150","10500","5",""
"arthurbrooks","ChatGPT AI","true","201185.64","","","","","0.000","0.000","0.000","","","","",""
"arthurbrooks","Grok AI","true","44748.43","1945.58","23","23","23","1.000","0.000","0.400","8049.999999999999","3450","11500","5",""
"asimijazkhwaja","Traditional","true","51864.14","1329.85","39","29","29","1.000","0.000","0.400","7020","4680","11700","78",""
"asimijazkhwaja","Gemini AI","true","27640.21","552.80","50","39","39","1.000","0.000","0.400","17500","7500","25000","10",""
"asimijazkhwaja","Claude AI","true","101639.73","2606.15","39","34","34","1.000","0.000","0.400","13650","5850","19500","8",""
"asimijazkhwaja","ChatGPT AI","true","286177.97","5723.56","50","31","30","1.000","0.000","0.400","17500","7500","25000","10",""
"asimijazkhwaja","Grok AI","true","114358.18","2287.16","50","37","37","1.000","0.000","0.400","17500","7500","25000","10",""
"assistant-professor-resume-example","Traditional","true","4382.11","","","","","0.000","0.000","0.000","","","","",""
"assistant-professor-resume-example","Gemini AI","true","5049.44","5049.44","1","","","1.000","0.000","0.400","350","150","500","1",""
"assistant-professor-resume-example","Claude AI","true","8738.95","4369.47","2","","","1.000","0.000","0.400","700","300","1000","1",""
"assistant-professor-resume-example","ChatGPT AI","true","6637.16","6637.16","1","","","1.000","0.000","0.400","350","150","500","1",""
"assistant-professor-resume-example","Grok AI","true","19426.23","19426.23","1","","","1.000","0.000","0.400","350","150","500","1",""
"associate-professor-resume-example","Traditional","true","3989.59","","","","","0.000","0.000","0.000","","","","",""
"associate-professor-resume-example","Gemini AI","true","4211.01","4211.01","1","","","1.000","0.000","0.400","350","150","500","1",""
"associate-professor-resume-example","Claude AI","true","8823.96","8823.96","1","","","1.000","0.000","0.400","350","150","500","1",""
"associate-professor-resume-example","ChatGPT AI","true","7594.75","3797.38","2","","","1.000","0.000","0.400","700","300","1000","1",""
"associate-professor-resume-example","Grok AI","true","18398.63","18398.63","1","","","1.000","0.000","0.400","350","150","500","1",""
"Benjamin F GoldFarb","Traditional","true","5213.54","1737.85","3","1","","1.000","0.000","0.400","540","360","900","6",""
"Benjamin F GoldFarb","Gemini AI","true","6218.27","690.92","9","1","1","1.000","0.000","0.400","3150","1350","4500","2",""
"Benjamin F GoldFarb","Claude AI","true","9905.45","3301.82","3","1","1","1.000","0.000","0.400","1050","450","1500","1",""
"Benjamin F GoldFarb","ChatGPT AI","true","5116.70","1705.57","3","","","1.000","0.000","0.400","1050","450","1500","1",""
"Benjamin F GoldFarb","Grok AI","true","19946.19","6648.73","3","1","1","1.000","0.000","0.400","1050","450","1500","1",""
"bobbehn","Traditional","true","199498.90","1295.45","154","38","33","1.000","0.000","0.400","27720","18480","46200","308",""
"bobbehn","Gemini AI","true","118723.21","","","","","0.000","0.000","0.000","","","","",""
"bobbehn","Claude AI","false","300007.80","","","","","","","","","","","","Timeout"
"bobbehn","ChatGPT AI","false","300014.34","","","","","","","","","","","","Timeout"
"bobbehn","Grok AI","true","253011.91","988.33","256","187","187","1.000","0.000","0.400","89600","38400","128000","52",""
"brianiammartino","Traditional","true","6146.57","2048.86","3","1","","1.000","0.000","0.400","540","360","900","6",""
"brianiammartino","Gemini AI","true","5409.36","1352.34","4","4","3","1.000","0.000","0.400","1400","600","2000","1",""
"brianiammartino","Claude AI","true","15871.34","3967.83","4","3","2","1.000","0.000","0.400","1400","600","2000","1",""
"brianiammartino","ChatGPT AI","true","12468.20","3117.05","4","2","1","1.000","0.000","0.400","1400","600","2000","1",""
"brianiammartino","Grok AI","true","14017.44","3504.36","4","4","4","1.000","0.000","0.400","1400","600","2000","1",""
"CHRIS J. SMITH","Traditional","true","4013.30","2006.65","2","","","1.000","0.000","0.400","360","240","600","4",""
"CHRIS J. SMITH","Gemini AI","true","4027.39","2013.70","2","1","1","1.000","0.000","0.400","700","300","1000","1",""
"CHRIS J. SMITH","Claude AI","true","36756.70","18378.35","2","","","1.000","0.000","0.400","700","300","1000","1",""
"CHRIS J. SMITH","ChatGPT AI","true","4986.48","2493.24","2","","","1.000","0.000","0.400","700","300","1000","1",""
"CHRIS J. SMITH","Grok AI","true","14164.77","7082.38","2","2","2","1.000","0.000","0.400","700","300","1000","1",""
"christopheravery","Traditional","true","51129.50","1278.24","40","35","34","1.000","0.000","0.400","7200","4800","12000","80",""
"christopheravery","Gemini AI","true","22229.61","555.74","40","40","40","1.000","0.000","0.400","14000","6000","20000","8",""
"christopheravery","Claude AI","true","90968.39","2274.21","40","40","40","1.000","0.000","0.400","14000","6000","20000","8",""
"christopheravery","ChatGPT AI","true","200359.14","5008.98","40","38","37","1.000","0.000","0.400","14000","6000","20000","8",""
"christopheravery","Grok AI","true","44215.70","1133.74","39","38","38","1.000","0.000","0.400","13650","5850","19500","8",""
"claudebruderlein","Traditional","true","45089.75","1326.17","34","12","11","1.000","0.000","0.400","6120","4080","10200","68",""
"claudebruderlein","Gemini AI","true","33233.10","405.28","82","27","24","1.000","0.000","0.400","28699.999999999996","12300","41000","17",""
"claudebruderlein","Claude AI","true","201146.70","2453.01","82","27","24","1.000","0.000","0.400","28699.999999999996","12300","41000","17",""
"claudebruderlein","ChatGPT AI","true","113757.16","1387.28","82","17","17","1.000","0.000","0.400","28699.999999999996","12300","41000","17",""
"claudebruderlein","Grok AI","true","100852.27","1420.45","71","65","62","1.000","0.000","0.400","24850","10650","35500","15",""
"college-professor-1596084798-pdf","Traditional","true","6241.39","","","","","0.000","0.000","0.000","","","","",""
"college-professor-1596084798-pdf","Gemini AI","true","6127.22","","","","","0.000","0.000","0.000","","","","",""
"college-professor-1596084798-pdf","Claude AI","true","8207.70","","","","","0.000","0.000","0.000","","","","",""
"college-professor-1596084798-pdf","ChatGPT AI","true","5891.32","","","","","0.000","0.000","0.000","","","","",""
"college-professor-1596084798-pdf","Grok AI","true","11819.21","","","","","0.000","0.000","0.000","","","","",""
"college-professor-1596085717-pdf","Traditional","true","6293.98","","","","","0.000","0.000","0.000","","","","",""
"college-professor-1596085717-pdf","Gemini AI","true","6401.21","","","","","0.000","0.000","0.000","","","","",""
"college-professor-1596085717-pdf","Claude AI","true","7468.72","","","","","0.000","0.000","0.000","","","","",""
"college-professor-1596085717-pdf","ChatGPT AI","true","5905.33","","","","","0.000","0.000","0.000","","","","",""
"college-professor-1596085717-pdf","Grok AI","true","13177.97","","","","","0.000","0.000","0.000","","","","",""
"Creating-Your-Academic-CV-11-13","Traditional","true","5712.71","1904.24","3","2","","1.000","0.000","0.400","540","360","900","6",""
"Creating-Your-Academic-CV-11-13","Gemini AI","true","8092.18","505.76","16","3","3","1.000","0.000","0.400","5600","2400","8000","4",""
"Creating-Your-Academic-CV-11-13","Claude AI","true","18426.16","3071.03","6","","","1.000","0.000","0.400","2100","900","3000","2",""
"Creating-Your-Academic-CV-11-13","ChatGPT AI","true","12429.14","2071.52","6","","","1.000","0.000","0.400","2100","900","3000","2",""
"Creating-Your-Academic-CV-11-13","Grok AI","true","18866.05","1179.13","16","3","3","1.000","0.000","0.400","5600","2400","8000","4",""
"Creating-Your-Academic-CV-14-16","Traditional","true","1583.55","","","","","0.000","0.000","0.000","","","","",""
"Creating-Your-Academic-CV-14-16","Gemini AI","true","480.73","","","","","0.000","0.000","0.000","","","","",""
"Creating-Your-Academic-CV-14-16","Claude AI","true","8285.19","1657.04","5","","","1.000","0.000","0.400","1750","750","2500","1",""
"Creating-Your-Academic-CV-14-16","ChatGPT AI","true","7769.74","1942.44","4","","","1.000","0.000","0.400","1400","600","2000","1",""
"Creating-Your-Academic-CV-14-16","Grok AI","true","21423.68","2677.96","8","1","1","1.000","0.000","0.400","2800","1200","4000","2",""
"Creating-Your-Academic-CV-17-19","Traditional","true","7807.39","1561.48","5","","","1.000","0.000","0.400","900","600","1500","10",""
"Creating-Your-Academic-CV-17-19","Gemini AI","true","29624.27","","","","","0.000","0.000","0.000","","","","",""
"Creating-Your-Academic-CV-17-19","Claude AI","true","15836.07","3167.21","5","","","1.000","0.000","0.400","1750","750","2500","1",""
"Creating-Your-Academic-CV-17-19","ChatGPT AI","true","8168.57","1633.71","5","","","1.000","0.000","0.400","1750","750","2500","1",""
"Creating-Your-Academic-CV-17-19","Grok AI","true","20175.14","4035.03","5","","","1.000","0.000","0.400","1750","750","2500","1",""
"Creating-Your-Academic-CV-6-10","Traditional","true","3454.76","3454.76","1","","","1.000","0.000","0.400","180","120","300","2",""
"Creating-Your-Academic-CV-6-10","Gemini AI","true","4311.94","431.19","10","1","","1.000","0.000","0.400","3500","1500","5000","2",""
"Creating-Your-Academic-CV-6-10","Claude AI","true","10035.99","3345.33","3","","","1.000","0.000","0.400","1050","450","1500","1",""
"Creating-Your-Academic-CV-6-10","ChatGPT AI","true","5353.55","1784.52","3","","","1.000","0.000","0.400","1050","450","1500","1",""
"Creating-Your-Academic-CV-6-10","Grok AI","true","22549.47","2254.95","10","1","","1.000","0.000","0.400","3500","1500","5000","2",""
"curriculum_vitae","Traditional","true","1676.50","","","","","0.000","0.000","0.000","","","","",""
"curriculum_vitae","Gemini AI","true","2271.58","757.19","3","","","1.000","0.000","0.400","1050","450","1500","1",""
"curriculum_vitae","Claude AI","true","3782.19","","","","","0.000","0.000","0.000","","","","",""
"curriculum_vitae","ChatGPT AI","true","1661.66","","","","","0.000","0.000","0.000","","","","",""
"curriculum_vitae","Grok AI","true","22321.11","7440.37","3","","","1.000","0.000","0.400","1050","450","1500","1",""
"cv","Traditional","true","86959.48","1402.57","62","39","38","1.000","0.000","0.400","11160","7440","18600","124",""
"cv","Gemini AI","true","101910.98","445.03","229","110","58","1.000","0.000","0.400","80150","34350","114500","46",""
"cv","Claude AI","true","296619.84","3707.75","80","61","58","1.000","0.000","0.400","28000","12000","40000","16",""
"cv","ChatGPT AI","false","300006.24","","","","","","","","","","","","Timeout"
"cv","Grok AI","true","189960.04","1958.35","97","95","88","1.000","0.000","0.400","33950","14550","48500","20",""
"d","Traditional","true","3283.52","3283.52","1","","","1.000","0.000","0.400","180","120","300","2",""
"d","Gemini AI","true","2579.17","2579.17","1","1","1","1.000","0.000","0.400","350","150","500","1",""
"d","Claude AI","true","9972.15","2493.04","4","","","1.000","0.000","0.400","1400","600","2000","1",""
"d","ChatGPT AI","true","4869.35","4869.35","1","1","","1.000","0.000","0.400","350","150","500","1",""
"d","Grok AI","true","30636.67","7659.17","4","","","1.000","0.000","0.400","1400","600","2000","1",""
"DanielAdams","Traditional","true","4536.95","2268.47","2","","","1.000","0.000","0.400","360","240","600","4",""
"DanielAdams","Gemini AI","true","3219.93","804.98","4","1","","1.000","0.000","0.400","1400","600","2000","1",""
"DanielAdams","Claude AI","true","8443.33","4221.67","2","","","1.000","0.000","0.400","700","300","1000","1",""
"DanielAdams","ChatGPT AI","true","3901.37","1950.68","2","","","1.000","0.000","0.400","700","300","1000","1",""
"DanielAdams","Grok AI","true","11460.49","2865.12","4","","","1.000","0.000","0.400","1400","600","2000","1",""
"davidking","Traditional","true","41992.76","1615.11","26","16","13","1.000","0.000","0.400","4680","3120","7800","52",""
"davidking","Gemini AI","true","41580.83","381.48","109","67","55","1.000","0.000","0.400","38150","16350","54500","22",""
"davidking","Claude AI","true","286433.31","2702.20","106","31","31","1.000","0.000","0.400","37100","15900","53000","22",""
"davidking","ChatGPT AI","true","279036.41","2632.42","106","43","30","1.000","0.000","0.400","37100","15900","53000","22",""
"davidking","Grok AI","true","124952.22","1542.62","81","45","45","1.000","0.000","0.400","28350","12150","40500","17",""
"deborahhugheshallett","Traditional","true","45253.02","1257.03","36","12","5","1.000","0.000","0.400","6480","4320","10800","72",""
"deborahhugheshallett","Gemini AI","true","31614.44","","","","","0.000","0.000","0.000","","","","",""
"deborahhugheshallett","Claude AI","true","69819.98","1939.44","36","23","23","1.000","0.000","0.400","12600","5400","18000","8",""
"deborahhugheshallett","ChatGPT AI","true","55897.45","1552.71","36","18","18","1.000","0.000","0.400","12600","5400","18000","8",""
"deborahhugheshallett","Grok AI","true","50409.97","1482.65","34","34","34","1.000","0.000","0.400","11900","5100","17000","7",""
"desmondang","Traditional","true","15910.04","2272.86","7","6","6","1.000","0.000","0.400","1260","840","2100","14",""
"desmondang","Gemini AI","true","8974.54","690.35","13","8","8","1.000","0.000","0.400","4550","1950","6500","3",""
"desmondang","Claude AI","true","34413.67","2647.21","13","9","9","1.000","0.000","0.400","4550","1950","6500","3",""
"desmondang","ChatGPT AI","true","16618.50","1846.50","9","6","6","1.000","0.000","0.400","3150","1350","4500","2",""
"desmondang","Grok AI","true","37255.71","2865.82","13","11","11","1.000","0.000","0.400","4550","1950","6500","3",""
"ed9d7a441d97f0c71e672dabbf04cf06","Traditional","true","13007.63","1858.23","7","4","4","1.000","0.000","0.400","1260","840","2100","14",""
"ed9d7a441d97f0c71e672dabbf04cf06","Gemini AI","true","8892.82","1270.40","7","7","7","1.000","0.000","0.400","2450","1050","3500","2",""
"ed9d7a441d97f0c71e672dabbf04cf06","Claude AI","true","26782.13","3826.02","7","7","7","1.000","0.000","0.400","2450","1050","3500","2",""
"ed9d7a441d97f0c71e672dabbf04cf06","ChatGPT AI","true","28779.46","4111.35","7","7","7","1.000","0.000","0.400","2450","1050","3500","2",""
"ed9d7a441d97f0c71e672dabbf04cf06","Grok AI","true","26969.40","3852.77","7","7","7","1.000","0.000","0.400","2450","1050","3500","2",""
"efefef","Traditional","true","5086.02","2543.01","2","1","1","1.000","0.000","0.400","360","240","600","4",""
"efefef","Gemini AI","true","6928.15","769.79","9","1","1","1.000","0.000","0.400","3150","1350","4500","2",""
"efefef","Claude AI","true","10760.09","3586.70","3","1","1","1.000","0.000","0.400","1050","450","1500","1",""
"efefef","ChatGPT AI","true","6103.54","2034.51","3","","","1.000","0.000","0.400","1050","450","1500","1",""
"efefef","Grok AI","true","14702.61","4900.87","3","1","1","1.000","0.000","0.400","1050","450","1500","1",""
"elianalaferrara","Traditional","true","70670.65","1239.84","57","43","40","1.000","0.000","0.400","10260","6840","17100","114",""
"elianalaferrara","Gemini AI","true","29616.27","519.58","57","49","49","1.000","0.000","0.400","19950","8550","28500","12",""
"elianalaferrara","Claude AI","true","154227.41","2487.54","62","51","51","1.000","0.000","0.400","21700","9300","31000","13",""
"elianalaferrara","ChatGPT AI","true","215675.36","3478.63","62","42","42","1.000","0.000","0.400","21700","9300","31000","13",""
"elianalaferrara","Grok AI","true","95294.33","2324.25","41","39","39","1.000","0.000","0.400","14349.999999999998","6150","20500","9",""
"ELLEN R. JOSEPH","Traditional","true","9259.40","1543.23","6","5","","1.000","0.000","0.400","1080","720","1800","12",""
"ELLEN R. JOSEPH","Gemini AI","true","7278.41","1213.07","6","5","5","1.000","0.000","0.400","2100","900","3000","2",""
"ELLEN R. JOSEPH","Claude AI","true","14357.65","2392.94","6","","","1.000","0.000","0.400","2100","900","3000","2",""
"ELLEN R. JOSEPH","ChatGPT AI","true","15147.05","2524.51","6","","","1.000","0.000","0.400","2100","900","3000","2",""
"ELLEN R. JOSEPH","Grok AI","true","20687.22","3447.87","6","6","6","1.000","0.000","0.400","2100","900","3000","2",""
"engineering-cv-edited","Traditional","true","4031.17","2015.59","2","","","1.000","0.000","0.400","360","240","600","4",""
"engineering-cv-edited","Gemini AI","true","4606.20","2303.10","2","2","2","1.000","0.000","0.400","700","300","1000","1",""
"engineering-cv-edited","Claude AI","true","8330.43","4165.22","2","","","1.000","0.000","0.400","700","300","1000","1",""
"engineering-cv-edited","ChatGPT AI","true","10065.43","5032.72","2","","","1.000","0.000","0.400","700","300","1000","1",""
"engineering-cv-edited","Grok AI","true","9112.89","4556.44","2","","","1.000","0.000","0.400","700","300","1000","1",""
"english-professor-resume-example","Traditional","true","4323.09","","","","","0.000","0.000","0.000","","","","",""
"english-professor-resume-example","Gemini AI","true","4812.63","4812.63","1","","","1.000","0.000","0.400","350","150","500","1",""
"english-professor-resume-example","Claude AI","true","8840.46","8840.46","1","","","1.000","0.000","0.400","350","150","500","1",""
"english-professor-resume-example","ChatGPT AI","true","5363.51","5363.51","1","","","1.000","0.000","0.400","350","150","500","1",""
"english-professor-resume-example","Grok AI","true","16541.83","","","","","0.000","0.000","0.000","","","","",""
"ericachenoweth","Traditional","true","50958.36","3184.90","16","4","3","1.000","0.000","0.400","2880","1920","4800","32",""
"ericachenoweth","Gemini AI","true","78352.54","","","","","0.000","0.000","0.000","","","","",""
"ericachenoweth","Claude AI","false","300003.52","","","","","","","","","","","","Timeout"
"ericachenoweth","ChatGPT AI","false","300003.17","","","","","","","","","","","","Timeout"
"ericachenoweth","Grok AI","true","286547.91","3331.95","86","62","57","1.000","0.000","0.400","30099.999999999996","12900","43000","18",""
"hannahbowles","Traditional","true","146573.18","1252.76","117","31","28","1.000","0.000","0.400","21060","14040","35100","234",""
"hannahbowles","Gemini AI","true","86502.31","460.12","188","70","56","1.000","0.000","0.400","65800","28200","94000","38",""
"hannahbowles","Claude AI","false","300006.77","","","","","","","","","","","","Timeout"
"hannahbowles","ChatGPT AI","true","222420.08","1853.50","120","71","59","1.000","0.000","0.400","42000","18000","60000","24",""
"hannahbowles","Grok AI","true","264394.36","2081.85","127","105","81","1.000","0.000","0.400","44450","19050","63500","26",""
"irisbohnet","Traditional","true","12528.47","6264.23","2","","","1.000","0.000","0.400","360","240","600","4",""
"irisbohnet","Gemini AI","true","33635.11","","","","","0.000","0.000","0.000","","","","",""
"irisbohnet","Claude AI","true","194456.77","97228.38","2","","","1.000","0.000","0.400","700","300","1000","1",""
"irisbohnet","ChatGPT AI","false","300005.14","","","","","","","","","","","","Timeout"
"irisbohnet","Grok AI","true","61257.28","1038.26","59","55","55","1.000","0.000","0.400","20650","8850","29500","12",""
"jacquelinebhabha","Traditional","true","119731.75","1345.30","89","18","8","1.000","0.000","0.400","16020","10680","26700","178",""
"jacquelinebhabha","Gemini AI","true","30942.61","","","","","0.000","0.000","0.000","","","","",""
"jacquelinebhabha","Claude AI","false","300015.25","","","","","","","","","","","","Timeout"
"jacquelinebhabha","ChatGPT AI","false","300004.37","","","","","","","","","","","","Timeout"
"jacquelinebhabha","Grok AI","true","114040.95","838.54","136","112","112","1.000","0.000","0.400","47600","20400","68000","28",""
"jamescarras","Traditional","true","8411.44","1401.91","6","","","1.000","0.000","0.400","1080","720","1800","12",""
"jamescarras","Gemini AI","true","28385.45","378.47","75","","","1.000","0.000","0.400","26250","11250","37500","15",""
"jamescarras","Claude AI","true","34903.88","2493.13","14","","","1.000","0.000","0.400","4900","2100","7000","3",""
"jamescarras","ChatGPT AI","true","42933.75","3066.70","14","5","5","1.000","0.000","0.400","4900","2100","7000","3",""
"jamescarras","Grok AI","true","19032.38","1359.46","14","7","7","1.000","0.000","0.400","4900","2100","7000","3",""
"Jason_Priem_CV","Traditional","true","11095.04","1585.01","7","3","3","1.000","0.000","0.400","1260","840","2100","14",""
"Jason_Priem_CV","Gemini AI","true","5590.60","798.66","7","7","7","1.000","0.000","0.400","2450","1050","3500","2",""
"Jason_Priem_CV","Claude AI","true","20385.51","2912.22","7","4","4","1.000","0.000","0.400","2450","1050","3500","2",""
"Jason_Priem_CV","ChatGPT AI","true","10733.78","1533.40","7","5","5","1.000","0.000","0.400","2450","1050","3500","2",""
"Jason_Priem_CV","Grok AI","true","17872.98","2553.28","7","7","7","1.000","0.000","0.400","2450","1050","3500","2",""
"jenniferhochschild","Traditional","true","71235.47","1737.45","41","17","12","1.000","0.000","0.400","7380","4920","12300","82",""
"jenniferhochschild","Gemini AI","true","9799.71","","","","","0.000","0.000","0.000","","","","",""
"jenniferhochschild","Claude AI","false","300010.41","","","","","","","","","","","","Timeout"
"jenniferhochschild","ChatGPT AI","false","300001.93","","","","","","","","","","","","Timeout"
"jenniferhochschild","Grok AI","true","252481.29","2019.85","125","107","107","1.000","0.000","0.400","43750","18750","62500","25",""
"Jennifer_Kyle_CV","Traditional","true","14341.03","1593.45","9","3","3","1.000","0.000","0.400","1620","1080","2700","18",""
"Jennifer_Kyle_CV","Gemini AI","true","7177.21","797.47","9","3","3","1.000","0.000","0.400","3150","1350","4500","2",""
"Jennifer_Kyle_CV","Claude AI","true","87466.20","9718.47","9","3","3","1.000","0.000","0.400","3150","1350","4500","2",""
"Jennifer_Kyle_CV","ChatGPT AI","true","16460.58","1828.95","9","3","3","1.000","0.000","0.400","3150","1350","4500","2",""
"Jennifer_Kyle_CV","Grok AI","true","23759.23","2639.91","9","3","3","1.000","0.000","0.400","3150","1350","4500","2",""
"Jian_Wu_CV","Traditional","true","11471.26","1638.75","7","2","2","1.000","0.000","0.400","1260","840","2100","14",""
"Jian_Wu_CV","Gemini AI","true","6464.39","923.48","7","4","4","1.000","0.000","0.400","2450","1050","3500","2",""
"Jian_Wu_CV","Claude AI","true","24761.85","3537.41","7","1","1","1.000","0.000","0.400","2450","1050","3500","2",""
"Jian_Wu_CV","ChatGPT AI","true","9849.38","1407.05","7","2","2","1.000","0.000","0.400","2450","1050","3500","2",""
"Jian_Wu_CV","Grok AI","true","20286.94","2898.13","7","5","5","1.000","0.000","0.400","2450","1050","3500","2",""
"jiebai","Traditional","true","10727.62","2681.90","4","2","2","1.000","0.000","0.400","720","480","1200","8",""
"jiebai","Gemini AI","true","34153.59","307.69","111","95","95","1.000","0.000","0.400","38850","16650","55500","23",""
"jiebai","Claude AI","true","72150.77","3435.75","21","10","10","1.000","0.000","0.400","7349.999999999999","3150","10500","5",""
"jiebai","ChatGPT AI","true","34773.90","1655.90","21","10","10","1.000","0.000","0.400","7349.999999999999","3150","10500","5",""
"jiebai","Grok AI","true","46549.12","2216.62","21","10","10","1.000","0.000","0.400","7349.999999999999","3150","10500","5",""
"johnholdren","Traditional","true","71383.88","1189.73","60","26","","1.000","0.000","0.400","10800","7200","18000","120",""
"johnholdren","Gemini AI","true","29040.98","433.45","67","58","57","1.000","0.000","0.400","23450","10050","33500","14",""
"johnholdren","Claude AI","true","140872.98","2347.88","60","60","60","1.000","0.000","0.400","21000","9000","30000","12",""
"johnholdren","ChatGPT AI","true","248064.96","3876.02","64","60","60","1.000","0.000","0.400","22400","9600","32000","13",""
"johnholdren","Grok AI","true","58580.47","976.34","60","60","59","1.000","0.000","0.400","21000","9000","30000","12",""
"josephaldy","Traditional","true","971.26","","","","","0.000","0.000","0.000","","","","",""
"josephaldy","Gemini AI","true","946.90","","","","","0.000","0.000","0.000","","","","",""
"josephaldy","Claude AI","true","122549.26","535.15","229","195","195","1.000","0.000","0.400","80150","34350","114500","46",""
"josephaldy","ChatGPT AI","true","99102.23","338.23","293","225","185","1.000","0.000","0.400","102550","43950","146500","59",""
"josephaldy","Grok AI","false","300004.86","","","","","","","","","","","","Timeout"
"josephkalt","Traditional","true","84674.84","1388.11","61","4","3","1.000","0.000","0.400","10980","7320","18300","122",""
"josephkalt","Gemini AI","true","30074.28","","","","","0.000","0.000","0.000","","","","",""
"josephkalt","Claude AI","true","207460.40","","","","","0.000","0.000","0.000","","","","",""
"josephkalt","ChatGPT AI","false","300014.33","","","","","","","","","","","","Timeout"
"josephkalt","Grok AI","true","113988.64","1280.77","89","82","82","1.000","0.000","0.400","31149.999999999996","13350","44500","18",""
"juliebattilana","Traditional","true","137791.54","1391.83","99","32","30","1.000","0.000","0.400","17820","11880","29700","198",""
"juliebattilana","Gemini AI","true","58496.58","","","","","0.000","0.000","0.000","","","","",""
"juliebattilana","Claude AI","false","300002.96","","","","","","","","","","","","Timeout"
"juliebattilana","ChatGPT AI","false","300005.75","","","","","","","","","","","","Timeout"
"juliebattilana","Grok AI","true","174810.25","1197.33","146","141","138","1.000","0.000","0.400","51100","21900","73000","30",""
"Keisha V. Thomas","Traditional","true","6413.53","1603.38","4","2","","1.000","0.000","0.400","720","480","1200","8",""
"Keisha V. Thomas","Gemini AI","true","4910.63","1227.66","4","2","2","1.000","0.000","0.400","1400","600","2000","1",""
"Keisha V. Thomas","Claude AI","true","18654.07","4663.52","4","","","1.000","0.000","0.400","1400","600","2000","1",""
"Keisha V. Thomas","ChatGPT AI","true","9722.64","2430.66","4","","","1.000","0.000","0.400","1400","600","2000","1",""
"Keisha V. Thomas","Grok AI","true","26512.99","6628.25","4","","","1.000","0.000","0.400","1400","600","2000","1",""
"kesselyhong","Traditional","true","7934.46","1983.62","4","1","1","1.000","0.000","0.400","720","480","1200","8",""
"kesselyhong","Gemini AI","true","6611.69","661.17","10","4","4","1.000","0.000","0.400","3500","1500","5000","2",""
"kesselyhong","Claude AI","true","49543.39","4954.34","10","2","2","1.000","0.000","0.400","3500","1500","5000","2",""
"kesselyhong","ChatGPT AI","true","33472.94","3347.29","10","4","4","1.000","0.000","0.400","3500","1500","5000","2",""
"kesselyhong","Grok AI","true","19049.99","1905.00","10","4","4","1.000","0.000","0.400","3500","1500","5000","2",""
"khalilabdur-rashid","Traditional","true","11484.40","1435.55","8","1","1","1.000","0.000","0.400","1440","960","2400","16",""
"khalilabdur-rashid","Gemini AI","true","5972.01","746.50","8","4","4","1.000","0.000","0.400","2800","1200","4000","2",""
"khalilabdur-rashid","Claude AI","true","37102.71","4637.84","8","6","6","1.000","0.000","0.400","2800","1200","4000","2",""
"khalilabdur-rashid","ChatGPT AI","true","32010.23","4001.28","8","4","4","1.000","0.000","0.400","2800","1200","4000","2",""
"khalilabdur-rashid","Grok AI","true","19533.50","2441.69","8","8","8","1.000","0.000","0.400","2800","1200","4000","2",""
"lindabilmes","Traditional","true","63968.48","1390.62","46","20","","1.000","0.000","0.400","8280","5520","13800","92",""
"lindabilmes","Gemini AI","true","25379.51","","","","","0.000","0.000","0.000","","","","",""
"lindabilmes","Claude AI","false","300014.15","","","","","","","","","","","","Timeout"
"lindabilmes","ChatGPT AI","false","300010.24","","","","","","","","","","","","Timeout"
"lindabilmes","Grok AI","true","118361.02","2320.80","51","48","7","1.000","0.000","0.400","17850","7650","25500","11",""
"lotembassan","Traditional","true","22327.16","1594.80","14","6","5","1.000","0.000","0.400","2520","1680","4200","28",""
"lotembassan","Gemini AI","true","11484.64","499.33","23","5","5","1.000","0.000","0.400","8049.999999999999","3450","11500","5",""
"lotembassan","Claude AI","true","62927.99","2736.00","23","8","8","1.000","0.000","0.400","8049.999999999999","3450","11500","5",""
"lotembassan","ChatGPT AI","true","35771.03","1490.46","24","10","10","1.000","0.000","0.400","8400","3600","12000","5",""
"lotembassan","Grok AI","true","53547.96","2328.17","23","12","12","1.000","0.000","0.400","8049.999999999999","3450","11500","5",""
"Magda V. Yulanovski","Traditional","true","6350.10","1587.53","4","1","","1.000","0.000","0.400","720","480","1200","8",""
"Magda V. Yulanovski","Gemini AI","true","7111.87","547.07","13","10","4","1.000","0.000","0.400","4550","1950","6500","3",""
"Magda V. Yulanovski","Claude AI","true","31658.65","2435.28","13","","","1.000","0.000","0.400","4550","1950","6500","3",""
"Magda V. Yulanovski","ChatGPT AI","true","11905.03","1488.13","8","","","1.000","0.000","0.400","2800","1200","4000","2",""
"Magda V. Yulanovski","Grok AI","true","28086.13","2160.47","13","4","4","1.000","0.000","0.400","4550","1950","6500","3",""
"maryjobane","Traditional","true","8670.19","","","","","0.000","0.000","0.000","","","","",""
"maryjobane","Gemini AI","true","24017.40","369.50","65","65","65","1.000","0.000","0.400","22750","9750","32500","13",""
"maryjobane","Claude AI","true","133515.20","2301.99","58","46","46","1.000","0.000","0.400","20300","8700","29000","12",""
"maryjobane","ChatGPT AI","true","280270.46","4671.17","60","34","34","1.000","0.000","0.400","21000","9000","30000","12",""
"maryjobane","Grok AI","true","40069.78","1082.97","37","28","28","1.000","0.000","0.400","12950","5550","18500","8",""
"matthewbaum","Traditional","true","88347.09","1402.33","63","12","10","1.000","0.000","0.400","11340","7560","18900","126",""
"matthewbaum","Gemini AI","true","64204.02","539.53","119","92","92","1.000","0.000","0.400","41650","17850","59500","24",""
"matthewbaum","Claude AI","false","300003.44","","","","","","","","","","","","Timeout"
"matthewbaum","ChatGPT AI","false","300008.10","","","","","","","","","","","","Timeout"
"matthewbaum","Grok AI","true","107904.35","1212.41","89","64","64","1.000","0.000","0.400","31149.999999999996","13350","44500","18",""
"Meredith Gershowitz","Traditional","true","15426.19","1285.52","12","2","","1.000","0.000","0.400","2160","1440","3600","24",""
"Meredith Gershowitz","Gemini AI","true","7541.24","628.44","12","9","9","1.000","0.000","0.400","4200","1800","6000","3",""
"Meredith Gershowitz","Claude AI","true","18085.88","1507.16","12","","","1.000","0.000","0.400","4200","1800","6000","3",""
"Meredith Gershowitz","ChatGPT AI","true","19084.34","1590.36","12","","","1.000","0.000","0.400","4200","1800","6000","3",""
"Meredith Gershowitz","Grok AI","true","19066.77","1271.12","15","","","1.000","0.000","0.400","5250","2250","7500","3",""
"michelacarlana","Traditional","true","10404.78","2080.96","5","4","4","1.000","0.000","0.400","900","600","1500","10",""
"michelacarlana","Gemini AI","true","33730.58","455.82","74","65","65","1.000","0.000","0.400","25900","11100","37000","15",""
"michelacarlana","Claude AI","true","54958.42","2198.34","25","9","9","1.000","0.000","0.400","8750","3750","12500","5",""
"michelacarlana","ChatGPT AI","true","26224.61","1639.04","16","5","5","1.000","0.000","0.400","5600","2400","8000","4",""
"michelacarlana","Grok AI","true","45690.00","2855.62","16","15","15","1.000","0.000","0.400","5600","2400","8000","4",""
"music-cv","Traditional","true","6219.36","1554.84","4","","","1.000","0.000","0.400","720","480","1200","8",""
"music-cv","Gemini AI","true","914.26","","","","","0.000","0.000","0.000","","","","",""
"music-cv","Claude AI","true","12807.36","3201.84","4","","","1.000","0.000","0.400","1400","600","2000","1",""
"music-cv","ChatGPT AI","true","6218.70","888.39","7","","","1.000","0.000","0.400","2450","1050","3500","2",""
"music-cv","Grok AI","true","19730.38","4932.60","4","3","3","1.000","0.000","0.400","1400","600","2000","1",""
"nicholasburns","Traditional","true","1657.68","","","","","0.000","0.000","0.000","","","","",""
"nicholasburns","Gemini AI","true","476.95","","","","","0.000","0.000","0.000","","","","",""
"nicholasburns","Claude AI","true","8778.74","","","","","0.000","0.000","0.000","","","","",""
"nicholasburns","ChatGPT AI","true","1936.75","","","","","0.000","0.000","0.000","","","","",""
"nicholasburns","Grok AI","true","12546.08","","","","","0.000","0.000","0.000","","","","",""
"nursing-professor-resume-example","Traditional","true","4312.52","","","","","0.000","0.000","0.000","","","","",""
"nursing-professor-resume-example","Gemini AI","true","4257.53","","","","","0.000","0.000","0.000","","","","",""
"nursing-professor-resume-example","Claude AI","true","5772.57","","","","","0.000","0.000","0.000","","","","",""
"nursing-professor-resume-example","ChatGPT AI","true","4732.90","","","","","0.000","0.000","0.000","","","","",""
"nursing-professor-resume-example","Grok AI","true","15377.31","","","","","0.000","0.000","0.000","","","","",""
"PhD-academic-CV-2","Traditional","true","15260.66","1387.33","11","7","","1.000","0.000","0.400","1980","1320","3300","22",""
"PhD-academic-CV-2","Gemini AI","true","16229.23","491.79","33","15","11","1.000","0.000","0.400","11550","4950","16500","7",""
"PhD-academic-CV-2","Claude AI","true","33098.30","2546.02","13","5","2","1.000","0.000","0.400","4550","1950","6500","3",""
"PhD-academic-CV-2","ChatGPT AI","true","103011.65","8584.30","12","","","1.000","0.000","0.400","4200","1800","6000","3",""
"PhD-academic-CV-2","Grok AI","true","36995.58","1761.69","21","12","12","1.000","0.000","0.400","7349.999999999999","3150","10500","5",""
"PhD-academic-CV","Traditional","true","6627.23","1656.81","4","","","1.000","0.000","0.400","720","480","1200","8",""
"PhD-academic-CV","Gemini AI","true","4947.99","1237.00","4","2","2","1.000","0.000","0.400","1400","600","2000","1",""
"PhD-academic-CV","Claude AI","true","24539.47","6134.87","4","1","1","1.000","0.000","0.400","1400","600","2000","1",""
"PhD-academic-CV","ChatGPT AI","true","29412.68","7353.17","4","1","1","1.000","0.000","0.400","1400","600","2000","1",""
"PhD-academic-CV","Grok AI","true","20007.11","5001.78","4","4","4","1.000","0.000","0.400","1400","600","2000","1",""
"PhD-non-academic-roles","Traditional","true","1682.28","","","","","0.000","0.000","0.000","","","","",""
"PhD-non-academic-roles","Gemini AI","true","1515.73","","","","","0.000","0.000","0.000","","","","",""
"PhD-non-academic-roles","Claude AI","true","3896.39","","","","","0.000","0.000","0.000","","","","",""
"PhD-non-academic-roles","ChatGPT AI","true","5702.31","1900.77","3","","","1.000","0.000","0.400","1050","450","1500","1",""
"PhD-non-academic-roles","Grok AI","true","16917.78","5639.26","3","","","1.000","0.000","0.400","1050","450","1500","1",""
"Professor Brett Harris","Traditional","true","71329.57","1398.62","51","41","39","1.000","0.000","0.400","9180","6120","15300","102",""
"Professor Brett Harris","Gemini AI","true","34007.29","666.81","51","38","36","1.000","0.000","0.400","17850","7650","25500","11",""
"Professor Brett Harris","Claude AI","true","141717.03","2778.77","51","39","39","1.000","0.000","0.400","17850","7650","25500","11",""
"Professor Brett Harris","ChatGPT AI","true","146193.81","2866.55","51","27","27","1.000","0.000","0.400","17850","7650","25500","11",""
"Professor Brett Harris","Grok AI","true","104141.44","2041.99","51","49","44","1.000","0.000","0.400","17850","7650","25500","11",""
"professor_resume_example_template_influx","Traditional","true","4411.97","","","","","0.000","0.000","0.000","","","","",""
"professor_resume_example_template_influx","Gemini AI","true","4631.28","2315.64","2","","","1.000","0.000","0.400","700","300","1000","1",""
"professor_resume_example_template_influx","Claude AI","true","8068.60","4034.30","2","","","1.000","0.000","0.400","700","300","1000","1",""
"professor_resume_example_template_influx","ChatGPT AI","true","6902.24","6902.24","1","","","1.000","0.000","0.400","350","150","500","1",""
"professor_resume_example_template_influx","Grok AI","true","17760.81","","","","","0.000","0.000","0.000","","","","",""
"professor_resume_example_template_primo","Traditional","true","4501.17","","","","","0.000","0.000","0.000","","","","",""
"professor_resume_example_template_primo","Gemini AI","true","4618.57","4618.57","1","","","1.000","0.000","0.400","350","150","500","1",""
"professor_resume_example_template_primo","Claude AI","true","8182.20","8182.20","1","","","1.000","0.000","0.400","350","150","500","1",""
"professor_resume_example_template_primo","ChatGPT AI","true","5933.94","5933.94","1","","","1.000","0.000","0.400","350","150","500","1",""
"professor_resume_example_template_primo","Grok AI","true","17948.82","","","","","0.000","0.000","0.000","","","","",""
"qqwqwq","Traditional","true","5197.78","1732.59","3","1","1","1.000","0.000","0.400","540","360","900","6",""
"qqwqwq","Gemini AI","true","6813.50","757.06","9","1","1","1.000","0.000","0.400","3150","1350","4500","2",""
"qqwqwq","Claude AI","true","8122.14","2707.38","3","","","1.000","0.000","0.400","1050","450","1500","1",""
"qqwqwq","ChatGPT AI","true","5174.15","1724.72","3","","","1.000","0.000","0.400","1050","450","1500","1",""
"qqwqwq","Grok AI","true","10861.24","3620.41","3","1","1","1.000","0.000","0.400","1050","450","1500","1",""
"QueeLim_Chng_CV","Traditional","true","10767.28","1538.18","7","2","2","1.000","0.000","0.400","1260","840","2100","14",""
"QueeLim_Chng_CV","Gemini AI","true","5805.64","829.38","7","5","5","1.000","0.000","0.400","2450","1050","3500","2",""
"QueeLim_Chng_CV","Claude AI","true","17789.58","2541.37","7","2","1","1.000","0.000","0.400","2450","1050","3500","2",""
"QueeLim_Chng_CV","ChatGPT AI","true","15301.38","2185.91","7","2","2","1.000","0.000","0.400","2450","1050","3500","2",""
"QueeLim_Chng_CV","Grok AI","true","19370.62","2767.23","7","2","2","1.000","0.000","0.400","2450","1050","3500","2",""
"randallkekoaakee","Traditional","true","105809.93","1429.86","74","1","1","1.000","0.000","0.400","13320","8880","22200","148",""
"randallkekoaakee","Gemini AI","true","31863.66","","","","","0.000","0.000","0.000","","","","",""
"randallkekoaakee","Claude AI","false","300010.00","","","","","","","","","","","","Timeout"
"randallkekoaakee","ChatGPT AI","false","300015.04","","","","","","","","","","","","Timeout"
"randallkekoaakee","Grok AI","true","146961.62","1959.49","75","63","63","1.000","0.000","0.400","26250","11250","37500","15",""
"sample-cv-architecture","Traditional","true","2837.24","2837.24","1","","","1.000","0.000","0.400","180","120","300","2",""
"sample-cv-architecture","Gemini AI","true","2931.73","2931.73","1","1","1","1.000","0.000","0.400","350","150","500","1",""
"sample-cv-architecture","Claude AI","true","4364.72","4364.72","1","","","1.000","0.000","0.400","350","150","500","1",""
"sample-cv-architecture","ChatGPT AI","true","3378.61","3378.61","1","","","1.000","0.000","0.400","350","150","500","1",""
"sample-cv-architecture","Grok AI","true","9297.12","9297.12","1","","","1.000","0.000","0.400","350","150","500","1",""
"sample-cv-public-health","Traditional","true","3363.63","3363.63","1","","","1.000","0.000","0.400","180","120","300","2",""
"sample-cv-public-health","Gemini AI","true","3600.41","1200.14","3","1","1","1.000","0.000","0.400","1050","450","1500","1",""
"sample-cv-public-health","Claude AI","true","12433.08","4144.36","3","","","1.000","0.000","0.400","1050","450","1500","1",""
"sample-cv-public-health","ChatGPT AI","true","8097.11","2699.04","3","","","1.000","0.000","0.400","1050","450","1500","1",""
"sample-cv-public-health","Grok AI","true","13350.59","4450.20","3","1","1","1.000","0.000","0.400","1050","450","1500","1",""
"Sample_2","Traditional","true","9180.01","1836.00","5","3","3","1.000","0.000","0.400","900","600","1500","10",""
"Sample_2","Gemini AI","true","5500.64","1100.13","5","4","4","1.000","0.000","0.400","1750","750","2500","1",""
"Sample_2","Claude AI","true","16957.02","3391.40","5","4","4","1.000","0.000","0.400","1750","750","2500","1",""
"Sample_2","ChatGPT AI","true","15684.62","3136.92","5","4","4","1.000","0.000","0.400","1750","750","2500","1",""
"Sample_2","Grok AI","true","13178.63","2635.73","5","4","4","1.000","0.000","0.400","1750","750","2500","1",""
"Sam_Abbott_CV","Traditional","true","7709.80","1927.45","4","2","2","1.000","0.000","0.400","720","480","1200","8",""
"Sam_Abbott_CV","Gemini AI","true","5713.63","1428.41","4","4","3","1.000","0.000","0.400","1400","600","2000","1",""
"Sam_Abbott_CV","Claude AI","true","15730.77","3932.69","4","3","2","1.000","0.000","0.400","1400","600","2000","1",""
"Sam_Abbott_CV","ChatGPT AI","true","10713.14","2678.29","4","4","3","1.000","0.000","0.400","1400","600","2000","1",""
"Sam_Abbott_CV","Grok AI","true","17555.39","4388.85","4","4","4","1.000","0.000","0.400","1400","600","2000","1",""
"sanderijncels","Traditional","true","24088.67","1416.98","17","3","3","1.000","0.000","0.400","3060","2040","5100","34",""
"sanderijncels","Gemini AI","true","25625.07","502.45","51","30","29","1.000","0.000","0.400","17850","7650","25500","11",""
"sanderijncels","Claude AI","true","125458.49","2459.97","51","7","7","1.000","0.000","0.400","17850","7650","25500","11",""
"sanderijncels","ChatGPT AI","true","76021.31","2235.92","34","12","12","1.000","0.000","0.400","11900","5100","17000","7",""
"sanderijncels","Grok AI","true","73705.32","1445.20","51","13","13","1.000","0.000","0.400","17850","7650","25500","11",""
"Screenshot_26-7-2025_153215_zety.com","Traditional","true","8563.73","2854.58","3","","","1.000","0.000","0.400","540","360","900","6",""
"Screenshot_26-7-2025_153215_zety.com","Gemini AI","true","4525.37","4525.37","1","","","1.000","0.000","0.400","350","150","500","1",""
"Screenshot_26-7-2025_153215_zety.com","Claude AI","true","8117.21","4058.61","2","","","1.000","0.000","0.400","700","300","1000","1",""
"Screenshot_26-7-2025_153215_zety.com","ChatGPT AI","true","7206.85","1441.37","5","","","1.000","0.000","0.400","1750","750","2500","1",""
"Screenshot_26-7-2025_153215_zety.com","Grok AI","true","46506.48","","","","","0.000","0.000","0.000","","","","",""
"Screenshot_26-7-2025_165238_resume","Traditional","true","3612.60","","","","","0.000","0.000","0.000","","","","",""
"Screenshot_26-7-2025_165238_resume","Gemini AI","true","3676.66","","","","","0.000","0.000","0.000","","","","",""
"Screenshot_26-7-2025_165238_resume","Claude AI","true","4588.62","","","","","0.000","0.000","0.000","","","","",""
"Screenshot_26-7-2025_165238_resume","ChatGPT AI","true","3670.28","","","","","0.000","0.000","0.000","","","","",""
"Screenshot_26-7-2025_165238_resume","Grok AI","true","9640.17","","","","","0.000","0.000","0.000","","","","",""
"Screenshot_26-7-2025_165321_resume","Traditional","true","3840.24","","","","","0.000","0.000","0.000","","","","",""
"Screenshot_26-7-2025_165321_resume","Gemini AI","true","4043.08","","","","","0.000","0.000","0.000","","","","",""
"Screenshot_26-7-2025_165321_resume","Claude AI","true","6993.26","","","","","0.000","0.000","0.000","","","","",""
"Screenshot_26-7-2025_165321_resume","ChatGPT AI","true","4187.08","","","","","0.000","0.000","0.000","","","","",""
"Screenshot_26-7-2025_165321_resume","Grok AI","true","10099.04","","","","","0.000","0.000","0.000","","","","",""
"Screenshot_26-7-2025_16537_resume.io","Traditional","true","3799.50","","","","","0.000","0.000","0.000","","","","",""
"Screenshot_26-7-2025_16537_resume.io","Gemini AI","true","3749.46","","","","","0.000","0.000","0.000","","","","",""
"Screenshot_26-7-2025_16537_resume.io","Claude AI","true","4913.57","","","","","0.000","0.000","0.000","","","","",""
"Screenshot_26-7-2025_16537_resume.io","ChatGPT AI","true","3845.38","","","","","0.000","0.000","0.000","","","","",""
"Screenshot_26-7-2025_16537_resume.io","Grok AI","true","16218.67","","","","","0.000","0.000","0.000","","","","",""
"Screenshot_7-7-2025_175225_resumebuildr.ai","Traditional","true","6308.00","3154.00","2","","","1.000","0.000","0.400","360","240","600","4",""
"Screenshot_7-7-2025_175225_resumebuildr.ai","Gemini AI","true","6032.31","3016.16","2","2","2","1.000","0.000","0.400","700","300","1000","1",""
"Screenshot_7-7-2025_175225_resumebuildr.ai","Claude AI","true","8454.62","4227.31","2","","","1.000","0.000","0.400","700","300","1000","1",""
"Screenshot_7-7-2025_175225_resumebuildr.ai","ChatGPT AI","true","5962.59","2981.30","2","","","1.000","0.000","0.400","700","300","1000","1",""
"Screenshot_7-7-2025_175225_resumebuildr.ai","Grok AI","true","18722.79","9361.39","2","","","1.000","0.000","0.400","700","300","1000","1",""
"Screenshot_7-7-2025_175237_resumebuildr.ai","Traditional","true","7392.95","2464.32","3","","","1.000","0.000","0.400","540","360","900","6",""
"Screenshot_7-7-2025_175237_resumebuildr.ai","Gemini AI","true","4917.17","1639.06","3","","","1.000","0.000","0.400","1050","450","1500","1",""
"Screenshot_7-7-2025_175237_resumebuildr.ai","Claude AI","true","12917.07","4305.69","3","","","1.000","0.000","0.400","1050","450","1500","1",""
"Screenshot_7-7-2025_175237_resumebuildr.ai","ChatGPT AI","true","6377.77","2125.92","3","","","1.000","0.000","0.400","1050","450","1500","1",""
"Screenshot_7-7-2025_175237_resumebuildr.ai","Grok AI","true","10665.64","10665.64","1","","","1.000","0.000","0.400","350","150","500","1",""
"Screenshot_7-7-2025_175752_resumebuildr.ai","Traditional","true","5130.86","5130.86","1","","","1.000","0.000","0.400","180","120","300","2",""
"Screenshot_7-7-2025_175752_resumebuildr.ai","Gemini AI","true","4249.34","4249.34","1","","","1.000","0.000","0.400","350","150","500","1",""
"Screenshot_7-7-2025_175752_resumebuildr.ai","Claude AI","true","7090.26","7090.26","1","","","1.000","0.000","0.400","350","150","500","1",""
"Screenshot_7-7-2025_175752_resumebuildr.ai","ChatGPT AI","true","4969.84","4969.84","1","","","1.000","0.000","0.400","350","150","500","1",""
"Screenshot_7-7-2025_175752_resumebuildr.ai","Grok AI","true","10906.75","10906.75","1","","","1.000","0.000","0.400","350","150","500","1",""
"Screenshot_7-7-2025_181853_enhancv.com","Traditional","true","9249.90","2312.47","4","","","1.000","0.000","0.400","720","480","1200","8",""
"Screenshot_7-7-2025_181853_enhancv.com","Gemini AI","true","6920.13","1730.03","4","1","1","1.000","0.000","0.400","1400","600","2000","1",""
"Screenshot_7-7-2025_181853_enhancv.com","Claude AI","true","11936.82","2984.20","4","","","1.000","0.000","0.400","1400","600","2000","1",""
"Screenshot_7-7-2025_181853_enhancv.com","ChatGPT AI","true","7988.45","1997.11","4","","","1.000","0.000","0.400","1400","600","2000","1",""
"Screenshot_7-7-2025_181853_enhancv.com","Grok AI","true","46671.61","","","","","0.000","0.000","0.000","","","","",""
"sheilajasanoff","Traditional","true","43809.43","2433.86","18","9","6","1.000","0.000","0.400","3240","2160","5400","36",""
"sheilajasanoff","Gemini AI","true","70418.95","529.47","133","128","126","1.000","0.000","0.400","46550","19950","66500","27",""
"sheilajasanoff","Claude AI","false","300008.90","","","","","","","","","","","","Timeout"
"sheilajasanoff","ChatGPT AI","false","300009.85","","","","","","","","","","","","Timeout"
"sheilajasanoff","Grok AI","true","131211.34","1286.39","102","99","99","1.000","0.000","0.400","35700","15300","51000","21",""
"Skills-based-career-changer","Traditional","true","2651.25","","","","","0.000","0.000","0.000","","","","",""
"Skills-based-career-changer","Gemini AI","true","1419.26","","","","","0.000","0.000","0.000","","","","",""
"Skills-based-career-changer","Claude AI","true","2840.21","","","","","0.000","0.000","0.000","","","","",""
"Skills-based-career-changer","ChatGPT AI","true","2042.68","","","","","0.000","0.000","0.000","","","","",""
"Skills-based-career-changer","Grok AI","true","18129.66","9064.83","2","","","1.000","0.000","0.400","700","300","1000","1",""
"Skills-based-experienced","Traditional","true","2103.41","","","","","0.000","0.000","0.000","","","","",""
"Skills-based-experienced","Gemini AI","true","2979.22","2979.22","1","1","1","1.000","0.000","0.400","350","150","500","1",""
"Skills-based-experienced","Claude AI","true","3203.13","","","","","0.000","0.000","0.000","","","","",""
"Skills-based-experienced","ChatGPT AI","true","4519.00","4519.00","1","","","1.000","0.000","0.400","350","150","500","1",""
"Skills-based-experienced","Grok AI","true","12305.25","","","","","0.000","0.000","0.000","","","","",""
"staffportal-curtin-edu-au-staff-profile-view-alex-stojcevski-6f5e1609-...","Traditional","false","300010.71","","","","","","","","","","","","Timeout"
"staffportal-curtin-edu-au-staff-profile-view-alex-stojcevski-6f5e1609-...","Gemini AI","true","147759.12","584.03","253","176","176","1.000","0.000","0.400","88550","37950","126500","51",""
"staffportal-curtin-edu-au-staff-profile-view-alex-stojcevski-6f5e1609-...","Claude AI","false","300008.38","","","","","","","","","","","","Timeout"
"staffportal-curtin-edu-au-staff-profile-view-alex-stojcevski-6f5e1609-...","ChatGPT AI","false","300011.52","","","","","","","","","","","","Timeout"
"staffportal-curtin-edu-au-staff-profile-view-alex-stojcevski-6f5e1609-...","Grok AI","false","300001.09","","","","","","","","","","","","Timeout"
"staffportal-curtin-edu-au-staff-profile-view-chris-rawson-7fb03d18-...","Traditional","true","26377.72","1648.61","16","15","15","1.000","0.000","0.400","2880","1920","4800","32",""
"staffportal-curtin-edu-au-staff-profile-view-chris-rawson-7fb03d18-...","Gemini AI","true","13240.81","827.55","16","16","16","1.000","0.000","0.400","5600","2400","8000","4",""
"staffportal-curtin-edu-au-staff-profile-view-chris-rawson-7fb03d18-...","Claude AI","true","48323.06","3020.19","16","15","15","1.000","0.000","0.400","5600","2400","8000","4",""
"staffportal-curtin-edu-au-staff-profile-view-chris-rawson-7fb03d18-...","ChatGPT AI","true","31389.61","1961.85","16","13","13","1.000","0.000","0.400","5600","2400","8000","4",""
"staffportal-curtin-edu-au-staff-profile-view-chris-rawson-7fb03d18-...","Grok AI","true","41325.34","2582.83","16","16","16","1.000","0.000","0.400","5600","2400","8000","4",""
"staffportal-curtin-edu-au-staff-profile-view-franca-jones-366fbb02-...","Traditional","true","130529.32","1292.37","101","78","77","1.000","0.000","0.400","18180","12120","30300","202",""
"staffportal-curtin-edu-au-staff-profile-view-franca-jones-366fbb02-...","Gemini AI","true","65577.56","649.28","101","96","95","1.000","0.000","0.400","35350","15150","50500","21",""
"staffportal-curtin-edu-au-staff-profile-view-franca-jones-366fbb02-...","Claude AI","true","241270.47","2388.82","101","96","96","1.000","0.000","0.400","35350","15150","50500","21",""
"staffportal-curtin-edu-au-staff-profile-view-franca-jones-366fbb02-...","ChatGPT AI","false","300008.34","","","","","","","","","","","","Timeout"
"staffportal-curtin-edu-au-staff-profile-view-franca-jones-366fbb02-...","Grok AI","true","177853.81","2195.73","81","78","77","1.000","0.000","0.400","28350","12150","40500","17",""
"staffportal-curtin-edu-au-staff-profile-view-jonathan-paxman-c9a2deae-...","Traditional","true","39111.43","1348.67","29","20","19","1.000","0.000","0.400","5220","3480","8700","58",""
"staffportal-curtin-edu-au-staff-profile-view-jonathan-paxman-c9a2deae-...","Gemini AI","true","28177.15","","","","","0.000","0.000","0.000","","","","",""
"staffportal-curtin-edu-au-staff-profile-view-jonathan-paxman-c9a2deae-...","Claude AI","true","92636.12","3194.35","29","25","24","1.000","0.000","0.400","10150","4350","14500","6",""
"staffportal-curtin-edu-au-staff-profile-view-jonathan-paxman-c9a2deae-...","ChatGPT AI","true","153980.69","5309.68","29","22","22","1.000","0.000","0.400","10150","4350","14500","6",""
"staffportal-curtin-edu-au-staff-profile-view-jonathan-paxman-c9a2deae-...","Grok AI","true","56588.63","1951.33","29","25","21","1.000","0.000","0.400","10150","4350","14500","6",""
"staffportal-curtin-edu-au-staff-profile-view-kate-brooks-ad1af2ea-...","Traditional","true","1615.18","","","","","0.000","0.000","0.000","","","","",""
"staffportal-curtin-edu-au-staff-profile-view-kate-brooks-ad1af2ea-...","Gemini AI","true","1348.04","","","","","0.000","0.000","0.000","","","","",""
"staffportal-curtin-edu-au-staff-profile-view-kate-brooks-ad1af2ea-...","Claude AI","true","886.90","","","","","0.000","0.000","0.000","","","","",""
"staffportal-curtin-edu-au-staff-profile-view-kate-brooks-ad1af2ea-...","ChatGPT AI","true","2169.19","","","","","0.000","0.000","0.000","","","","",""
"staffportal-curtin-edu-au-staff-profile-view-kate-brooks-ad1af2ea-...","Grok AI","true","14733.43","","","","","0.000","0.000","0.000","","","","",""
"staffportal-curtin-edu-au-staff-profile-view-M-Buntine-...","Traditional","true","116050.43","1415.25","82","71","71","1.000","0.000","0.400","14760","9840","24600","164",""
"staffportal-curtin-edu-au-staff-profile-view-M-Buntine-...","Gemini AI","true","78884.37","717.13","110","101","99","1.000","0.000","0.400","38500","16500","55000","22",""
"staffportal-curtin-edu-au-staff-profile-view-M-Buntine-...","Claude AI","true","1136.42","","","","","0.000","0.000","0.000","","","","",""
"staffportal-curtin-edu-au-staff-profile-view-M-Buntine-...","ChatGPT AI","false","300011.80","","","","","","","","","","","","Timeout"
"staffportal-curtin-edu-au-staff-profile-view-M-Buntine-...","Grok AI","true","183242.83","1665.84","110","106","104","1.000","0.000","0.400","38500","16500","55000","22",""
"staffportal-curtin-edu-au-staff-profile-view-mark-ogden-29ecbc5d-...","Traditional","true","145039.91","1436.04","101","83","82","1.000","0.000","0.400","18180","12120","30300","202",""
"staffportal-curtin-edu-au-staff-profile-view-mark-ogden-29ecbc5d-...","Gemini AI","true","110326.39","685.26","161","160","158","1.000","0.000","0.400","56350","24150","80500","33",""
"staffportal-curtin-edu-au-staff-profile-view-mark-ogden-29ecbc5d-...","Claude AI","true","1233.89","","","","","0.000","0.000","0.000","","","","",""
"staffportal-curtin-edu-au-staff-profile-view-mark-ogden-29ecbc5d-...","ChatGPT AI","false","300008.17","","","","","","","","","","","","Timeout"
"staffportal-curtin-edu-au-staff-profile-view-mark-ogden-29ecbc5d-...","Grok AI","true","263776.29","1638.36","161","160","158","1.000","0.000","0.400","56350","24150","80500","33",""
"staffportal-curtin-edu-au-staff-profile-view-martin-van-kranendonk-4b1d3270-...","Traditional","true","81284.07","1890.33","43","40","9","1.000","0.000","0.400","7740","5160","12900","86",""
"staffportal-curtin-edu-au-staff-profile-view-martin-van-kranendonk-4b1d3270-...","Gemini AI","true","89871.61","646.56","139","123","121","1.000","0.000","0.400","48650","20850","69500","28",""
"staffportal-curtin-edu-au-staff-profile-view-martin-van-kranendonk-4b1d3270-...","Claude AI","true","1119.74","","","","","0.000","0.000","0.000","","","","",""
"staffportal-curtin-edu-au-staff-profile-view-martin-van-kranendonk-4b1d3270-...","ChatGPT AI","false","300011.49","","","","","","","","","","","","Timeout"
"staffportal-curtin-edu-au-staff-profile-view-martin-van-kranendonk-4b1d3270-...","Grok AI","true","252950.79","1873.71","135","126","125","1.000","0.000","0.400","47250","20250","67500","27",""
"staffportal-curtin-edu-au-staff-profile-view-Sambit-Datta-...","Traditional","true","71134.05","1247.97","57","44","44","1.000","0.000","0.400","10260","6840","17100","114",""
"staffportal-curtin-edu-au-staff-profile-view-Sambit-Datta-...","Gemini AI","true","37610.57","637.47","59","53","53","1.000","0.000","0.400","20650","8850","29500","12",""
"staffportal-curtin-edu-au-staff-profile-view-Sambit-Datta-...","Claude AI","true","1104.40","","","","","0.000","0.000","0.000","","","","",""
"staffportal-curtin-edu-au-staff-profile-view-Sambit-Datta-...","ChatGPT AI","true","161247.29","2780.13","58","37","37","1.000","0.000","0.400","20300","8700","29000","12",""
"staffportal-curtin-edu-au-staff-profile-view-Sambit-Datta-...","Grok AI","true","110574.98","1906.47","58","44","44","1.000","0.000","0.400","20300","8700","29000","12",""
"staffportal-curtin-edu-au-staff-profile-view-sarina-claassens-327ea294-...","Traditional","true","48031.11","1298.14","37","36","36","1.000","0.000","0.400","6660","4440","11100","74",""
"staffportal-curtin-edu-au-staff-profile-view-sarina-claassens-327ea294-...","Gemini AI","true","24716.16","668.00","37","37","37","1.000","0.000","0.400","12950","5550","18500","8",""
"staffportal-curtin-edu-au-staff-profile-view-sarina-claassens-327ea294-...","Claude AI","true","980.39","","","","","0.000","0.000","0.000","","","","",""
"staffportal-curtin-edu-au-staff-profile-view-sarina-claassens-327ea294-...","ChatGPT AI","true","73647.78","1990.48","37","37","37","1.000","0.000","0.400","12950","5550","18500","8",""
"staffportal-curtin-edu-au-staff-profile-view-sarina-claassens-327ea294-...","Grok AI","true","56404.05","1524.43","37","37","37","1.000","0.000","0.400","12950","5550","18500","8",""
"staffportal-curtin-edu-au-staff-profile-view-steven-reddy-388571d7-...","Traditional","true","260310.19","1328.11","196","163","161","1.000","0.000","0.400","35280","23520","58800","392",""
"staffportal-curtin-edu-au-staff-profile-view-steven-reddy-388571d7-...","Gemini AI","true","133609.07","","","","","0.000","0.000","0.000","","","","",""
"staffportal-curtin-edu-au-staff-profile-view-steven-reddy-388571d7-...","Claude AI","false","300001.24","","","","","","","","","","","","Timeout"
"staffportal-curtin-edu-au-staff-profile-view-steven-reddy-388571d7-...","ChatGPT AI","false","300004.61","","","","","","","","","","","","Timeout"
"staffportal-curtin-edu-au-staff-profile-view-steven-reddy-388571d7-...","Grok AI","false","300015.97","","","","","","","","","","","","Timeout"
"staffportal-curtin-edu-au-staff-profile-view-V-Pareek-...","Traditional","true","251240.12","1231.57","204","161","158","1.000","0.000","0.400","36720","24480","61200","408",""
"staffportal-curtin-edu-au-staff-profile-view-V-Pareek-...","Gemini AI","true","130555.62","","","","","0.000","0.000","0.000","","","","",""
"staffportal-curtin-edu-au-staff-profile-view-V-Pareek-...","Claude AI","false","300000.92","","","","","","","","","","","","Timeout"
"staffportal-curtin-edu-au-staff-profile-view-V-Pareek-...","ChatGPT AI","false","300004.12","","","","","","","","","","","","Timeout"
"staffportal-curtin-edu-au-staff-profile-view-V-Pareek-...","Grok AI","true","281697.17","1380.87","204","200","200","1.000","0.000","0.400","71400","30600","102000","41",""
"stevekelman","Traditional","true","57040.18","1213.62","47","11","11","1.000","0.000","0.400","8460","5640","14100","94",""
"stevekelman","Gemini AI","true","23238.48","484.13","48","48","48","1.000","0.000","0.400","16800","7200","24000","10",""
"stevekelman","Claude AI","true","104753.92","2182.37","48","48","48","1.000","0.000","0.400","16800","7200","24000","10",""
"stevekelman","ChatGPT AI","true","83668.54","1673.37","50","44","44","1.000","0.000","0.400","17500","7500","25000","10",""
"stevekelman","Grok AI","true","73694.76","1535.31","48","47","47","1.000","0.000","0.400","16800","7200","24000","10",""
"TE NING CHANG","Traditional","true","5428.26","1809.42","3","1","","1.000","0.000","0.400","540","360","900","6",""
"TE NING CHANG","Gemini AI","true","8771.91","730.99","12","4","2","1.000","0.000","0.400","4200","1800","6000","3",""
"TE NING CHANG","Claude AI","true","24866.10","2486.61","10","1","1","1.000","0.000","0.400","3500","1500","5000","2",""
"TE NING CHANG","ChatGPT AI","true","18223.70","1518.64","12","1","1","1.000","0.000","0.400","4200","1800","6000","3",""
"TE NING CHANG","Grok AI","true","38613.07","3217.76","12","7","7","1.000","0.000","0.400","4200","1800","6000","3",""
"thumbnail","Traditional","true","4257.56","","","","","0.000","0.000","0.000","","","","",""
"thumbnail","Gemini AI","true","4140.82","","","","","0.000","0.000","0.000","","","","",""
"thumbnail","Claude AI","true","6225.57","","","","","0.000","0.000","0.000","","","","",""
"thumbnail","ChatGPT AI","true","4268.17","","","","","0.000","0.000","0.000","","","","",""
"thumbnail","Grok AI","true","15662.93","","","","","0.000","0.000","0.000","","","","",""
"www-hks-harvard-edu-faculty-deirdre-bloome#publications-tab...","Traditional","true","1532.87","","","","","0.000","0.000","0.000","","","","",""
"www-hks-harvard-edu-faculty-deirdre-bloome#publications-tab...","Gemini AI","true","1376.74","","","","","0.000","0.000","0.000","","","","",""
"www-hks-harvard-edu-faculty-deirdre-bloome#publications-tab...","Claude AI","true","3988.36","","","","","0.000","0.000","0.000","","","","",""
"www-hks-harvard-edu-faculty-deirdre-bloome#publications-tab...","ChatGPT AI","true","2398.92","2398.92","1","","","1.000","0.000","0.400","350","150","500","1",""
"www-hks-harvard-edu-faculty-deirdre-bloome#publications-tab...","Grok AI","true","8701.62","","","","","0.000","0.000","0.000","","","","",""
"www-hks-harvard-edu-faculty-graham-allison...","Traditional","true","1566.51","","","","","0.000","0.000","0.000","","","","",""
"www-hks-harvard-edu-faculty-graham-allison...","Gemini AI","true","4425.45","1106.36","4","4","4","1.000","0.000","0.400","1400","600","2000","1",""
"www-hks-harvard-edu-faculty-graham-allison...","Claude AI","true","12451.74","3112.93","4","4","4","1.000","0.000","0.400","1400","600","2000","1",""
"www-hks-harvard-edu-faculty-graham-allison...","ChatGPT AI","true","8444.03","2111.01","4","4","4","1.000","0.000","0.400","1400","600","2000","1",""
"www-hks-harvard-edu-faculty-graham-allison...","Grok AI","true","13172.07","3293.02","4","4","4","1.000","0.000","0.400","1400","600","2000","1",""
"www-rmit-edu-vn-profiles-d-joshua-dwight...","Traditional","true","2516.12","","","","","0.000","0.000","0.000","","","","",""
"www-rmit-edu-vn-profiles-d-joshua-dwight...","Gemini AI","true","1404.48","","","","","0.000","0.000","0.000","","","","",""
"www-rmit-edu-vn-profiles-d-joshua-dwight...","Claude AI","true","3046.38","","","","","0.000","0.000","0.000","","","","",""
"www-rmit-edu-vn-profiles-d-joshua-dwight...","ChatGPT AI","true","1848.68","","","","","0.000","0.000","0.000","","","","",""
"www-rmit-edu-vn-profiles-d-joshua-dwight...","Grok AI","true","8943.75","","","","","0.000","0.000","0.000","","","","",""
"www-rmit-edu-vn-profiles-d-minh-dinh4...","Traditional","true","2372.70","","","","","0.000","0.000","0.000","","","","",""
"www-rmit-edu-vn-profiles-d-minh-dinh4...","Gemini AI","true","1569.12","","","","","0.000","0.000","0.000","","","","",""
"www-rmit-edu-vn-profiles-d-minh-dinh4...","Claude AI","true","3471.45","","","","","0.000","0.000","0.000","","","","",""
"www-rmit-edu-vn-profiles-d-minh-dinh4...","ChatGPT AI","true","1748.56","","","","","0.000","0.000","0.000","","","","",""
"www-rmit-edu-vn-profiles-d-minh-dinh4...","Grok AI","true","15155.61","","","","","0.000","0.000","0.000","","","","",""
"www-rmit-edu-vn-profiles-d-tri-dangtran...","Traditional","true","2606.72","","","","","0.000","0.000","0.000","","","","",""
"www-rmit-edu-vn-profiles-d-tri-dangtran...","Gemini AI","true","2642.34","660.59","4","","","1.000","0.000","0.400","1400","600","2000","1",""
"www-rmit-edu-vn-profiles-d-tri-dangtran...","Claude AI","true","3145.50","","","","","0.000","0.000","0.000","","","","",""
"www-rmit-edu-vn-profiles-d-tri-dangtran...","ChatGPT AI","true","2189.11","","","","","0.000","0.000","0.000","","","","",""
"www-rmit-edu-vn-profiles-d-tri-dangtran...","Grok AI","true","22794.51","5698.63","4","4","4","1.000","0.000","0.400","1400","600","2000","1",""
"www-rmit-edu-vn-profiles-h-anh-hoang62...","Traditional","true","2550.97","","","","","0.000","0.000","0.000","","","","",""
"www-rmit-edu-vn-profiles-h-anh-hoang62...","Gemini AI","true","1726.25","","","","","0.000","0.000","0.000","","","","",""
"www-rmit-edu-vn-profiles-h-anh-hoang62...","Claude AI","true","3694.03","","","","","0.000","0.000","0.000","","","","",""
"www-rmit-edu-vn-profiles-h-anh-hoang62...","ChatGPT AI","true","2505.30","","","","","0.000","0.000","0.000","","","","",""
"www-rmit-edu-vn-profiles-h-anh-hoang62...","Grok AI","true","8849.99","","","","","0.000","0.000","0.000","","","","",""
"www-rmit-edu-vn-profiles-n-thao-nguyenhieu...","Traditional","true","2442.29","","","","","0.000","0.000","0.000","","","","",""
"www-rmit-edu-vn-profiles-n-thao-nguyenhieu...","Gemini AI","true","1435.60","","","","","0.000","0.000","0.000","","","","",""
"www-rmit-edu-vn-profiles-n-thao-nguyenhieu...","Claude AI","true","3308.16","","","","","0.000","0.000","0.000","","","","",""
"www-rmit-edu-vn-profiles-n-thao-nguyenhieu...","ChatGPT AI","true","1858.70","","","","","0.000","0.000","0.000","","","","",""
"www-rmit-edu-vn-profiles-n-thao-nguyenhieu...","Grok AI","true","14713.21","","","","","0.000","0.000","0.000","","","","",""
"www-rmit-edu-vn-profiles-p-hung-phamviet2...","Traditional","true","2396.03","","","","","0.000","0.000","0.000","","","","",""
"www-rmit-edu-vn-profiles-p-hung-phamviet2...","Gemini AI","true","1457.97","","","","","0.000","0.000","0.000","","","","",""
"www-rmit-edu-vn-profiles-p-hung-phamviet2...","Claude AI","true","3747.69","","","","","0.000","0.000","0.000","","","","",""
"www-rmit-edu-vn-profiles-p-hung-phamviet2...","ChatGPT AI","true","1818.43","","","","","0.000","0.000","0.000","","","","",""
"www-rmit-edu-vn-profiles-p-hung-phamviet2...","Grok AI","true","19499.27","","","","","0.000","0.000","0.000","","","","",""
"www-rmit-edu-vn-profiles-s-ben-scott...","Traditional","true","2689.17","","","","","0.000","0.000","0.000","","","","",""
"www-rmit-edu-vn-profiles-s-ben-scott...","Gemini AI","true","1406.22","","","","","0.000","0.000","0.000","","","","",""
"www-rmit-edu-vn-profiles-s-ben-scott...","Claude AI","true","3091.85","","","","","0.000","0.000","0.000","","","","",""
"www-rmit-edu-vn-profiles-s-ben-scott...","ChatGPT AI","true","1758.05","","","","","0.000","0.000","0.000","","","","",""
"www-rmit-edu-vn-profiles-s-ben-scott...","Grok AI","true","11659.10","","","","","0.000","0.000","0.000","","","","",""
"www-rmit-edu-vn-profiles-s-ushik-shrestha...","Traditional","true","2544.59","","","","","0.000","0.000","0.000","","","","",""
"www-rmit-edu-vn-profiles-s-ushik-shrestha...","Gemini AI","true","1408.19","","","","","0.000","0.000","0.000","","","","",""
"www-rmit-edu-vn-profiles-s-ushik-shrestha...","Claude AI","true","3091.15","","","","","0.000","0.000","0.000","","","","",""
"www-rmit-edu-vn-profiles-s-ushik-shrestha...","ChatGPT AI","true","1760.21","","","","","0.000","0.000","0.000","","","","",""
"www-rmit-edu-vn-profiles-s-ushik-shrestha...","Grok AI","true","20143.02","","","","","0.000","0.000","0.000","","","","",""
"zzzzzzzz","Traditional","true","4664.05","2332.02","2","1","1","1.000","0.000","0.400","360","240","600","4",""
"zzzzzzzz","Gemini AI","true","7004.48","778.28","9","1","1","1.000","0.000","0.400","3150","1350","4500","2",""
"zzzzzzzz","Claude AI","true","12874.88","4291.63","3","1","1","1.000","0.000","0.400","1050","450","1500","1",""
"zzzzzzzz","ChatGPT AI","true","7063.79","2354.60","3","1","1","1.000","0.000","0.400","1050","450","1500","1",""
"zzzzzzzz","Grok AI","true","15835.22","5278.41","3","1","1","1.000","0.000","0.400","1050","450","1500","1",""